{
    "accuracy": 0.9582198001816531,
    "precision": 0.9230769230769231,
    "recall": 0.7692307692307693
}
